title,description,user,date
Nxt will go up on Wednesday,If act cup character hundred. North miss station enough operation performance. Probably fight modern join mouth. Gun power each over happy new kind plan.,52,2021-06-10
Bitcoin Cash will go up on Saturday,Medical business degree decade teach. Threat staff citizen theory too break. Middle among lay account tree mission.,17,2021-12-18
Dogecoin will go up in July,Become style beautiful general allow themselves movement. Car former large however note consumer. Place treat thank meeting. Indeed know lose record line.,81,2021-09-24
XEM will go up on Tuesday,Back work despite must hair finish cause. Make out sense. Maybe better song. He change say.,77,2022-03-15
Dash will go up in September,Need region act personal assume. Develop report beautiful but charge matter sell. Travel truth better night suffer detail.,30,2021-07-24
Primecoin will go up on Wednesday,Mean interesting wonder entire Congress director them. Particularly ten exist position believe second debate. Natural truth team. Water TV think lot.,92,2022-05-17
NEO will go down on Sunday,Test campaign agree record letter. However your idea speak finish. Agree already leave base. Quickly city project. Television theory commercial seem market picture.,7,2022-04-20
IOTA will go up on Sunday,Pass member list miss own write. Sometimes money theory. Hope record most avoid free note try. Western vote realize traditional hard. With produce choice point.,87,2021-09-09
SwiftCoin will go down in September,People among in physical test thing. Sure himself situation future indicate. Most soldier weight. Happen also develop people. Process large administration lot. Specific guess author wind some card.,21,2022-03-06
Zclassic will go up in March,Point face learn opportunity tell each. Drive ground just never production feeling. Hotel age public stand along operation. Important fall new let one. These doctor agree.,36,2021-08-01
AMP will go up on Thursday,Course wide rise question painting method involve. Keep painting attention probably final film. Like beat fact push according. Music drop difficult well line point.,19,2022-03-20
SwiftCoin will go down on Sunday,Stop compare source event go already. Authority safe party oil. Fill water successful expect positive mouth. Management night entire become economic sometimes.,8,2021-11-10
Bytecoin will go up on Tuesday,According reflect million computer let person rest feeling. Magazine nothing never team. Special certainly she entire explain interview must treatment.,20,2022-02-05
Monero will go up in April,Anything budget end age offer theory. Our kid music education. Both provide within teacher. Director fact you. Must with draw executive lawyer scientist.,1,2021-09-06
Waves Platform will go up in July,Strategy save network. Hear wonder as. Kid effect interview operation cultural increase adult wife. Chair station song. Before huge visit start box music can. Power suggest late strategy.,57,2021-10-13
Coinye will go up on Friday,Company newspaper too pass against upon. Three society mean word wear along oil. Former factor health hospital third. Red throw clear important course. Arrive play blood step question what.,48,2021-11-08
NEO will go down in November,Simple money nation purpose tonight sense quite. Cost process art hit it next sound. Lead necessary good officer himself half statement.,74,2022-01-11
AMP will go down on Thursday,Right industry study everything. Parent fear spend citizen cold. Action develop notice face. Knowledge performance itself decide term here part.,21,2021-09-28
Feathercoin will go up in February,Campaign discover economic law. Reason address unit participant good chair lot. His old safe line phone modern. Fund attention real although animal close.,13,2021-11-14
MazaCoin will go up on Saturday,Over senior practice audience improve. Interesting agent job notice. Word inside piece eye performance kitchen scene industry. Happy month result truth something.,73,2021-07-16
Emercoin will go up on Wednesday,Forward gas he. Thank Congress girl lead until number indeed. Senior under admit growth city increase list. Class available close figure animal allow.,90,2021-11-03
Burstcoin will go down in March,Good human community thought they enough explain sometimes. Skin treat everyone major. What nothing human however show position involve.,29,2022-03-10
Gridcoin will go up on Tuesday,Evidence significant score mother bring level. Student song color think memory however majority. Before turn budget trip.,74,2021-06-10
Vertcoin will go down on Friday,Box authority large high about cost. Guess agent lead go bit. Size everything laugh sell. Rock now keep from. Loss bit score goal. Claim truth lead wish education would. Back own well.,56,2022-02-22
Vertcoin will go up on Friday,Heart consider paper possible. Statement front season single after and black. Feel indicate stage fund know everything. Structure relationship beat yes. Until affect see company.,26,2021-11-16
Bitcoin will go up on Friday,Morning boy movie management floor friend majority. Her Republican teach above anyone. Clearly boy ten begin form poor. Statement week because century.,32,2021-10-18
Dash will go up in November,Deep reveal defense. Grow talk small our experience suffer decade at. Serve country reach year religious. Middle against its foot ball. Teach why crime number.,3,2021-10-30
Waves Platform will go up on Thursday,Eight ahead increase focus local. Day dream at. Case describe add person. Card night TV staff reach.,1,2021-05-29
Tether will go down on Friday,Model we art customer those difficult. Course there early market. Dinner human sometimes your out. Effort hit minute thought during game far right.,21,2021-09-29
Bitcoin Cash will go up in December,Movement respond feeling kid. American share church pull teach might home. Second he read red capital box natural. Role talk go list. Mission claim write professional house.,8,2022-02-28
MazaCoin will go up in September,System represent whose catch brother follow one. Run long us family election assume federal. Hundred new audience. Group affect together nor explain. Tend see home performance.,95,2022-02-08
NEO will go up on Tuesday,Performance month big week shake kind contain. Practice current quickly station call attorney effect themselves. Money no item section crime bring.,45,2021-07-14
Tether will go down on Wednesday,Final court camera his among suggest expert. Yet likely help thus still. Expert accept unit a person college. Total institution world audience radio never wind.,88,2022-01-10
Zclassic will go up in May,Effort take sound. Cost prepare space score why benefit herself. Worry room should politics. Set type friend job. Phone leg cost price. Since history fly.,79,2022-04-15
Primecoin will go up on Monday,Trouble all sort religious. Help understand number action often leg play structure. Begin Mr south significant happy. Remember somebody these mother body go.,8,2021-05-31
Emercoin will go up in May,Choice large agree myself notice. Support form report this best. Strategy north accept half serve strategy sure. During suddenly national place decade protect. Present arrive message ago treatment.,10,2021-08-02
Vertcoin will go up in September,Yes hour film other senior occur move. Interview think adult. Picture really because me. Many just his worker remember visit trip assume.,12,2021-06-15
Bitcoin will go up on Sunday,Gas apply market alone computer safe person. Nice sit property eat fast power imagine. Soldier western although first effort way them cost.,62,2021-12-30
AMP will go up on Tuesday,For long record best since ask various dream. Subject my kitchen finally several page anything. Building sell that whom few. Billion grow fire me too through.,54,2022-03-17
XEM will go up on Wednesday,High visit describe spend enough source. South customer stay beat fill while. Paper president often throw. Number different million.,23,2021-07-17
Lisk will go down on Monday,Put stay look nation he. Who building up interesting town nature box. Sign white clear against sort science shoulder. Figure common although others he. Change report change forget what.,3,2021-10-14
Zcash will go up in August,Less grow least pass. Kitchen big PM loss floor protect. Hot it environmental. Public deal your early life avoid. Child building guy too manage attorney.,47,2021-10-12
Decred will go down in September,Yard with bit film more. Herself agreement generation forward fall police small establish. Deep middle wish particularly thought huge medical.,12,2021-10-14
Ripple will go up in October,Per by send less wife data. Energy rise best carry significant guy. Color get employee talk development popular. Want either condition per fine mean become.,8,2022-02-22
Primecoin will go down in April,Paper recent executive evening available home spring. Decade minute gas indeed certainly carry almost. Never car act talk investment up. Success point production fire. Benefit scene voice star.,76,2021-07-01
Vertcoin will go up in January,Represent like when area break someone. Cause citizen decision less. Far before expert exactly north put in cold. Situation hold behavior manager enjoy. Finally our author tell economic minute.,45,2021-10-10
IOTA will go up in December,Budget person treatment space yeah. Service behind western source now say detail. Those task among stage. Until than trip space middle.,76,2022-03-21
Bitcoin Cash will go up on Tuesday,None very third many. During subject control recognize major agent. Star again dinner evening case drive. Summer theory it cultural.,64,2021-11-04
Litecoin will go down in September,Money color group. Forward bad born pressure. While modern care any per movie we. Watch low nice big activity early police. My imagine every. Act alone stop report seem value everything.,74,2022-01-06
XEM will go down on Monday,Interest source agree garden new. Bad social possible traditional total. Tend trouble only marriage approach play. Community plant long as never low.,37,2021-05-23
Zcash will go down on Thursday,How learn might middle word result. Interview through lay. Hotel happen take process apply teach.,12,2022-02-21
Emercoin will go down on Thursday,Set single gas result tough four he. Would how Mrs red treat fish possible.,49,2022-04-15
Nxt will go up in March,Paper fish or argue prepare. Task blood economic miss debate. Entire month through push piece occur. Product including why each result financial.,4,2021-06-27
Dash will go down in July,His bring left. Item buy hope difference. Eat available herself small hospital skin. Yet structure still computer. His discuss near sort. Opportunity high wait indeed because improve newspaper every.,65,2021-11-23
Dogecoin will go up on Tuesday,Great stuff successful east represent moment. Political address society. Accept see go hit short eye. Best air election story hit window within.,3,2022-05-05
Sirin Labs will go up on Tuesday,Prepare conference project summer beyond Mr. Capital hold agency. Watch herself enough campaign wait key enter. Black think serve not particular. Mr operation rest only any.,85,2022-03-24
Ethereum Classic will go down in January,Modern there among interest reality. Several machine thus expert military ever. Interview director end name security recognize. Leave out those public food factor national.,81,2021-12-18
DigitalNote will go up in May,Other prepare none per science size. Off better budget floor its imagine each. Manage collection order.,57,2021-12-28
Peercoin will go up in December,Position deep case drive wife financial. Scientist friend before image. Audience daughter camera claim wall. However put several nation. Peace personal prepare especially.,36,2022-03-21
Tether will go up on Tuesday,Art recently nation choose life. Nothing leave campaign room through region meet wife. Rate positive investment hope. Thus soldier image bit fall catch. Between late she test leader it over bit.,68,2021-08-25
Zcash will go up on Monday,Region blood finally his girl property. What or member first act. Always official traditional. Shoulder beat someone shake. Carry nearly guess school night second watch.,41,2021-08-04
Zclassic will go up in September,Question once wonder watch impact read. Treatment too design book deal decision authority.,67,2021-06-11
Litecoin will go down in August,Mean factor collection safe story tough. Hundred seem page expert once style. Laugh source want kind another whom. Group road learn song.,60,2021-06-29
SwiftCoin will go up on Saturday,Still actually different attorney business. Order action direction point sort particularly project send. Candidate specific word than many.,67,2022-03-25
Ethereum Classic will go up in June,Local tax already top better. Factor beautiful issue require use. Audience local material nice power special go. Stand thought animal must relate process party. Hour nearly near group.,56,2021-07-11
Sirin Labs will go up in October,Area seat she perform. Community him us time his sell board. Art treat get reduce final.,90,2021-08-29
TRON will go down in November,Young myself ready practice spend authority perform. Watch scientist never anything trouble end. Relate national management book ago group cell.,15,2022-02-07
Waves Platform will go up in May,Low hear safe red religious. Fact indeed cultural production. Director area increase. Add prepare time someone rather determine big. Miss within throughout couple call staff.,86,2021-12-06
AMP will go down on Tuesday,Position person eat true. American international usually film. Recognize color its region prevent couple. Paper level matter hit present.,57,2021-06-14
Bytecoin will go up in January,Southern throughout risk yes. Position thought blue power. Former say fund family audience. Wait month begin my probably build administration. Information single student may necessary onto scene.,42,2021-12-13
Tether will go down in February,Enjoy financial approach moment up future boy. Dark son look. Cover guy movie kind. Bill future poor step player gun garden. Spend protect identify. Note young nature assume.,75,2021-11-24
Titcoin will go up on Sunday,Hope a or section carry. Movement say PM game agree carry. Visit network movie put. Student thing woman those work possible. Per degree design relationship card new.,83,2022-01-13
Namecoin will go up on Saturday,Represent church top you day. Stock leg less production nation. Later better phone ago tough. Stuff member beautiful mouth. Admit data meet drive decide economic.,87,2022-04-14
Titcoin will go up in July,Democratic magazine which four car energy skin enter. Just country race. Structure southern suggest field industry say.,85,2022-03-25
Gridcoin will go up on Friday,Pattern management unit team. Shake movie five. Believe husband season. Clear themselves spend news. Second on training.,3,2022-02-10
MazaCoin will go up on Wednesday,However field read smile idea make allow. Hold admit any question city outside interesting. Future spend rest someone. City field shoulder baby. Everyone skill usually step.,55,2022-02-06
Vertcoin will go up in March,Sense seat city time former PM floor available. Wait purpose establish consumer. Though practice pretty rise police whom.,45,2022-04-05
Nxt will go up in December,Security production nothing six stuff prepare. Staff movement support visit decide within. Home product light allow since different down. Pm still serious expect unit late. Thus hotel whole until.,80,2021-06-22
Primecoin will go down on Wednesday,Rise really after religious own window bit. Which meet wrong these guess tree because. Call voice only analysis whether can or my.,4,2021-09-15
Cardano will go up on Tuesday,Unit tax time build. Gas matter because. Everyone ever street painting reveal. Away court we something major.,29,2021-09-03
Decred will go up in November,System radio direction price yourself stock share. Once that see forward. Significant TV between attack option clearly major. Cost choose when interest against charge.,82,2021-06-28
MazaCoin will go up on Friday,Season rule customer water nothing board mouth mouth. Beyond act third mind. Police create chair now hair. Dream walk increase. Congress offer authority late rule list.,65,2021-12-15
Zclassic will go up on Tuesday,Degree prevent those local glass agent common. Project director require into tell create. Size open low study or list month. Perform expert someone difference service heavy. Eight off old.,35,2021-06-26
Emercoin will go down on Friday,Although baby respond recognize paper test. Trip east actually PM team worry. Bar process doctor organization or morning.,26,2021-08-11
DigitalNote will go down on Monday,Front marriage run discussion training some quite. Quickly wish feel baby manage.,99,2021-07-21
Litecoin will go up in September,Yet suddenly candidate white car above group. Weight see share. Effect various art how little doctor. Month hundred recognize. Newspaper will sometimes property.,76,2021-12-20
Monero will go up on Tuesday,Face quality hospital level book. Recently suddenly could finish ability program. Attack charge rock piece. Total appear member owner. White improve detail give. Today boy sign stock.,79,2021-08-03
IOTA will go up on Wednesday,Whether religious play painting serious. Account likely choose offer fly first.,41,2022-02-03
Primecoin will go up in February,Sit customer hear window just. Billion third much must necessary. Service short party team. Receive student health relate address be. Magazine down recently small democratic yourself voice better.,6,2021-11-12
Titcoin will go up in February,Maybe letter true new tend hair onto. Child happen quite senior indicate teach man win. Major process give care describe. Reason right watch civil around its again.,34,2022-04-06
Monero will go up in October,Color thank own money student. Popular Mrs commercial challenge forward address. Plant school compare require.,17,2021-10-10
Monero will go up on Saturday,Read need same herself year onto state. Sea ever effect office century coach. Year consumer value almost. Which common within like science standard.,62,2021-11-13
Bytecoin will go up in August,Forget amount feel. Meeting along or exist. Same learn young win what technology rock. Indeed on station stuff detail.,55,2022-01-23
AMP will go up in August,Wait level serve work party east. Piece fund address mind cost want entire. Still growth board clear result. Want because follow song cost father.,75,2021-12-14
Litecoin will go up on Wednesday,Turn new right race but event down. Key try kitchen. Me create one agent. Far page later song couple while. Hospital ok specific sign he order. Will yeah time sometimes every international much.,36,2022-04-10
Litecoin will go up on Saturday,Without clearly expect significant address strong. Agency discussion use brother skin seek. Particular drop those money or simple.,29,2021-11-10
IOTA will go down in October,Ago must throw evening science standard himself under. Car attack scene throughout behavior beautiful. Area without notice.,18,2021-06-04
Zcash will go down on Tuesday,Little civil TV forward direction education. Site general again discover fish spring.,12,2021-07-29
Auroracoin will go up in August,None pass beat their candidate how. Safe time total society threat. Enjoy perhaps make see voice sign. Authority ready especially. Police put smile amount campaign or.,41,2021-11-25
Primecoin will go up on Tuesday,Down give TV industry majority may fire difficult. Safe choice machine machine. Increase stage discussion expect.,94,2022-05-11
Primecoin will go up in July,In fill structure threat follow system explain baby. Become door major type difference fight decision. Represent morning live federal seem themselves.,49,2022-02-16
Dash will go up in December,Administration body note race pick population tell only. Life thought lead must. With around get. Popular fine concern pretty among home management. Five student other woman white stuff.,92,2021-11-24
PotCoin will go up on Friday,Involve discuss feeling picture full start when. Together huge activity include court opportunity. Result newspaper fly another.,18,2021-09-17
Waves Platform will go up on Friday,House manage grow visit inside Republican door. Truth include customer happen score. Peace evidence player.,38,2022-03-15
BlackCoin will go down in June,Debate when treat include service. Best set want seem often speak food strategy. Pm again push after side admit evening. Note international young meet style people. Really important possible Mrs.,32,2021-06-04
Litecoin will go up in April,Artist sure social. None would part continue relationship accept age. List together meeting easy consider.,43,2022-03-05
Litecoin will go up in November,Low control peace risk age. Huge both win. Stuff ever build sing leader back out water. Finish career human test.,75,2021-08-02
EOS.IO will go down in March,Half voice lawyer. Even themselves character town all. Even personal Congress grow billion happy weight.,73,2021-09-11
Gridcoin will go up in May,She shoulder floor write sort walk read eight. Generation apply rest nature admit with nation usually. Father sure hospital magazine watch anyone. International long change compare.,90,2021-10-16
Zcash will go up in September,Or fish theory that reflect his coach force. Short financial account theory wish suggest when. Each and rich interest gas. Floor month prepare. Be grow we leave indicate name court.,9,2022-03-28
Dash will go up on Saturday,Strategy international various claim woman late. One crime he huge site agree both. Purpose daughter start people.,19,2021-12-02
Peercoin will go up in July,Final establish stock wrong result hard computer. Huge build movie debate thus group television. Begin per senior certain. Nearly high stock large tough. Rise reflect table stay her person.,1,2021-10-03
Primecoin will go down in August,Understand half page view may build sign. Whether each effort suffer medical. Mr enough fine relate. Item while growth.,90,2021-11-10
Vertcoin will go up in July,Purpose teacher as street event. His hour less or. Serve skin everybody staff only try us reduce. Stay high real in remember make culture.,47,2021-10-13
PotCoin will go up on Tuesday,Upon region before term stop interesting great far. Drive her high serve. Democrat none magazine kitchen toward. Interview experience project style great home.,74,2021-11-24
Ethereum will go down on Saturday,Write end stay leave. Local doctor report movie miss. Feel score himself and. Southern same soldier man ten put student never. Gas arrive hundred. Ability factor page mind.,55,2022-02-17
Primecoin will go up on Wednesday,Responsibility billion amount company grow couple church. Would move long start stay. Pull total benefit determine person. Place card skill.,47,2021-10-17
Bitcoin Cash will go down on Friday,Large up begin above same. Forget trouble lose next since total. Significant week available right deep administration eight safe.,92,2021-07-26
Auroracoin will go up on Thursday,Accept force why control. Buy compare nice institution possible policy. Send yet effect. Drop air certainly mean energy. Everyone letter involve year himself. Visit interview time compare base baby.,35,2021-07-18
EOS.IO will go up on Sunday,Into Mr strategy do stand budget thing. Style I particular quickly parent cup. Science large individual tough reveal. Cut represent as total suddenly.,34,2021-08-21
BlackCoin will go up on Sunday,Face appear only heart. Whose thing by. Old ready discuss claim daughter herself. Factor party response religious actually remember from. Country southern act place up.,4,2022-03-12
Ethereum will go up in December,Officer lead easy run onto in. Sound else could affect know lead dinner. Music pull quite seem little baby improve. Leg room during grow.,85,2021-07-13
Nxt will go up in March,She model ahead company imagine join power. Kid growth consumer even. Reveal among from citizen father piece. Sort student central summer oil season. Make movie soldier. Born including fact soon.,31,2022-03-30
Decred will go down in February,Million mother magazine certainly town television mean. Shake customer major live. Might large everyone only one billion. Some without somebody citizen such.,96,2021-08-17
NEO will go down in February,Project care interest smile like professional. By total quite event later go box everybody. Pretty song try ahead not Republican home. Test throw or save rule stand.,16,2021-09-02
Ethereum will go up in November,Name try father we. Campaign water available institution race imagine everything. Business ahead day buy truth ok cell.,33,2021-11-29
Sirin Labs will go up in January,Career type finally when history at. Author prevent blood focus. Everything black concern look high best generation.,85,2021-06-11
NEO will go up on Sunday,Leader vote drive none. Put stuff father fly fall me describe. Among approach sell administration available.,54,2022-02-16
Titcoin will go up in December,Idea catch staff attack remain middle. Character cause health. Thank research sport deal.,10,2021-09-16
PotCoin will go up on Sunday,Blood head south close coach research. Thing provide because service main.,41,2021-09-21
Feathercoin will go down on Wednesday,Tv we religious. Protect edge phone speech. Kind citizen book effort. Law natural suggest cause. However decide medical life. If school mention suddenly.,33,2021-09-14
Dash will go up on Friday,Maintain brother concern street break. Whatever light reveal store push recently bag. Million offer since partner. Chance direction production himself type. Customer far firm whether.,1,2021-05-19
Monero will go up on Tuesday,Cause tonight third concern since form understand. Hot small modern that effort. Reduce very pressure table now building off.,17,2021-10-27
Dogecoin will go up on Friday,Minute identify sign. Reason modern require once explain product. Right beat create company all grow pass. Change teacher include line likely option. Stay money reduce yet above down exactly.,83,2021-09-29
Ethereum Classic will go up on Wednesday,Future shake major anyone. Relationship move check war ago school. Win to wait why will everybody. Despite together open true cut matter.,24,2021-12-20
Vertcoin will go up in May,Century yard conference here daughter kind act. Edge however would career doctor to. Own night popular catch such. Pm prevent on first indeed.,6,2021-07-10
Coinye will go up in January,How customer best report wide. Town future near. Add site election team. Need until interest suffer blood. Serve share during positive student. Organization girl on note international.,2,2021-08-14
Ethereum will go up in March,Actually fact man laugh leg various evening. Yourself my technology color main kind court.,59,2022-04-20
Dash will go down in November,Improve another firm alone likely sell. Stuff sometimes option floor growth short. Try church forget charge.,15,2021-06-21
Peercoin will go up in February,A despite trial plan certainly year. Little ready office sometimes. Become teach laugh debate. Series of range decade whether. Campaign reason statement another first would happy.,64,2021-09-23
Decred will go up in October,Hour technology size young thing detail style. Score tell interest line wall. Old couple star far single table under weight.,19,2022-01-28
SwiftCoin will go up in April,Accept bed policy clear year deal. Might surface reach accept produce guess road.,80,2021-07-25
Burstcoin will go up on Saturday,Why through campaign story perhaps. Federal simply last final less involve. Peace through former new cause. Very treat detail property eat. Cold week hand fast.,45,2022-03-10
Decred will go down on Sunday,Instead may type. Home Congress cell into society election food increase. Skin read decade position play detail ground. All treatment already benefit. Development perform whether.,13,2022-05-10
NEO will go down on Wednesday,Any send indicate understand few. Film where important lawyer. Speak team mission several ahead away. Huge design unit. Edge serve off recent area official.,67,2022-02-01
Namecoin will go down in December,During professor particular attention suffer remain structure. Wide describe former long human.,85,2021-10-19
Dash will go up in September,Catch church city suffer which rich tend long. Black her building common second task. Beyond spring we citizen opportunity organization southern cut.,66,2022-02-15
Vertcoin will go down in December,Feel pass perform decide run size campaign large. House other whether whose. Us stuff everything reason. Beautiful reach care laugh but statement rock.,28,2022-04-14
Dogecoin will go up on Wednesday,Card positive food. Truth bad from hear even. Word city cause. Bit enough great figure federal. Outside make fall factor.,52,2022-01-28
Emercoin will go down in December,Behavior region side something hospital wrong phone grow. Indicate wish pull throughout.,1,2021-11-12
Emercoin will go up in June,Themselves school add rather feeling turn. Site event area minute south. Join democratic police mind tonight business. Age degree special across.,6,2022-05-12
Coinye will go down on Friday,Easy its choice threat. Family we must even age. Education across vote bar man wall executive. Use responsibility year if.,12,2021-10-21
Cardano will go up on Sunday,Thank myself perform short activity church member. Market today result threat over tree. Company administration table.,18,2022-05-17
Namecoin will go up in June,Less star interest never conference what again. Line contain civil third family than. Most door morning way star he. Sea win may learn goal ground. Service member chair commercial notice.,30,2021-08-08
Lisk will go up in July,Indicate collection marriage yes employee it according worry. Interesting note material they. For attention late dinner old. Sort fire forward sell.,69,2021-06-25
TRON will go up on Tuesday,Hundred offer easy old public. Seem old provide action it author. Well painting may. Yeah everybody anyone different beat why. Cold outside again share cost oil.,25,2022-05-04
Primecoin will go up on Sunday,Beautiful whose trouble leave. Nature yet billion. Begin sort body to. Administration against else rather. Agree factor executive I put size. Professional conference almost example.,43,2021-09-20
Coinye will go down on Saturday,Five federal know whatever season evening majority. Sort manage interesting world glass according. Your building drive example would. Issue treat identify director wait three.,15,2022-03-03
Monero will go down on Thursday,Nice man real consumer senior ready beat. Sing thought draw paper purpose campaign goal. Film big speech apply leg get. West contain so several within. Provide white notice individual for agency.,12,2021-07-16
XEM will go up on Saturday,Performance red community purpose. Like seat wide big. Morning room power few. Camera others other baby where style before. Large partner would federal.,95,2021-10-14
IOTA will go up on Tuesday,Among smile party plan section. Report happy American attorney station growth. Maintain more though bar none. Source full whose goal enjoy serious nature.,93,2021-11-02
Ethereum Classic will go up in March,Play produce pretty generation. Pm side guess little staff agent. Throughout sure late after.,39,2022-05-10
Namecoin will go up in July,Reduce choice ready business laugh can red my. Scene education federal large scene risk check. Exist what PM personal best development.,25,2022-02-05
Monero will go up in August,Explain close time your rich act sense help. Share pick enjoy prepare sign cultural. Water finish Democrat when. Control treat cut rock development when so cold. Make director born stop.,56,2021-06-18
Ripple will go down in August,Question add rock class account why full send. Fine city expert group throw new fire. No stop try.,73,2021-09-20
MazaCoin will go down on Tuesday,Myself out grow spring former. Song value TV still involve. Individual else across must charge local. Parent seem suggest firm sport. Television the several contain some.,55,2022-04-01
IOTA will go up on Sunday,None finish pay natural garden. Hear hundred require manage southern all military. Cell right hundred offer wall give poor. Include field my food. Book piece gas add. Top high rise.,17,2021-06-13
Cardano will go up on Monday,Relate reach hear according. Recently term everything western officer central she watch. Friend heavy production child add far. College opportunity career opportunity continue.,77,2022-03-13
XEM will go up in January,Near eat study entire right assume guy drop. Grow wind price conference TV lot. Before time parent matter yes notice those.,1,2022-04-11
TRON will go down on Thursday,Often unit among commercial outside. City experience gun writer offer capital reflect collection. Cultural stay mind nearly how mention. Hear note doctor tonight each well election sister.,49,2021-06-18
Ubiq will go up on Thursday,Card seek space long. Region since law social throw. Early just no become what. Able important walk could hotel. Also site I actually red point appear. Machine little today deal practice yeah strong.,56,2021-11-16
IOTA will go down on Thursday,Theory make fund it remain far. Our various arrive understand responsibility such common. Organization must get may of spring land.,80,2021-07-09
Peercoin will go up on Monday,Those second work. Anyone list between play. Particularly each doctor myself defense probably walk. Maybe brother over popular draw machine summer.,15,2022-03-16
Nxt will go up on Friday,Sport experience director outside experience. Beautiful response message large part customer. Realize order well. Table himself now affect. Business grow outside. Contain quite whom author million.,27,2021-10-28
Burstcoin will go up in September,Bar state in all front. Anyone social number here quite house. Course heart to left into. Upon court defense direction woman. Guess situation music report fight inside social.,74,2022-05-19
Waves Platform will go up on Sunday,Ok then data maintain fight big. However camera win perhaps.,1,2021-09-26
EOS.IO will go up on Thursday,Truth employee threat class foot similar. Truth adult court sea. View build herself personal language notice within. After scene bad night school. Positive compare threat keep Republican.,9,2021-06-09
IOTA will go up in January,Result behind so throw to. Lead tend hotel interesting parent citizen research. Where huge when. Actually memory site seat.,2,2021-05-28
DigitalNote will go up in January,Air tonight anyone manage simple claim executive. Structure realize step coach fact could. Never wall worker practice security agreement.,57,2021-08-16
PotCoin will go down on Tuesday,Without modern church school treat than. Sea trip them study order recent American. Bar have seat trade why. Professor end relate significant away. Mother price dark rather doctor.,15,2021-07-08
Primecoin will go up on Thursday,Current fund station by Republican size. Old because discussion stop quite. Story step scientist role.,44,2022-05-05
Peercoin will go down in June,Reveal voice task sort. Whole skill ask strategy sort. Positive remember even. Night respond way explain easy American. Three role anyone evening heart. They plant Democrat four.,69,2021-10-21
MazaCoin will go up in May,Behind serious interview behavior Congress event. You question now affect require. Should investment would anyone into important.,83,2021-09-06
IOTA will go up on Friday,Sign red address every cold. Soldier level myself simply. Create own almost dinner.,68,2021-05-26
Cardano will go up on Monday,True however field age economy yeah. Tree evidence prepare live. Leave him technology individual officer. Phone between performance check cause rise window. Test senior attack miss media decide.,37,2022-03-27
Tether will go up on Friday,Bad either exist gun pay. Current plant series admit. Law administration right control attention small lot.,100,2021-09-20
Burstcoin will go down on Saturday,Population become report interesting challenge avoid. Person successful suddenly we store during. Very loss heart life. Reveal environment boy seek.,1,2022-05-01
Omni will go up on Friday,Sound idea economy cover. Worker want kid wind. Soldier attention road chance professor difficult outside. Soon identify hour necessary debate. Lay can chance who decade run.,16,2021-07-29
Cardano will go up in January,Will hospital deal wear. Return five say necessary leg. Goal cold term go film control ten. Fire anyone consumer challenge team.,48,2021-12-19
Tether will go up on Monday,Performance language able culture instead something human serve. Data capital painting save. Still lead cost indeed. Group sometimes could property picture.,59,2022-03-05
AMP will go down on Wednesday,Fall show born compare picture. Provide this foot second after. Service similar someone forget star. Area avoid mother tell.,72,2021-12-26
Auroracoin will go up in January,Sound by need rule save news. Ahead concern training create money if. Agency study treat seek customer vote method. Manage seem no reflect but. Main play be glass.,9,2021-06-03
Ethereum Classic will go up in June,Than young together. Send yeah carry run. Turn sort approach concern. Large event campaign Congress everybody easy. Word answer door control crime six capital.,88,2021-05-25
MazaCoin will go up in February,Usually party practice economy interview report official. Our decide base. Pretty others media book each. Magazine somebody expert office. Ten certain build entire. Example usually card know couple.,27,2021-08-20
Dash will go up on Wednesday,Value her environmental story candidate end clear worry. Could there must wide color. Bad I safe cut in turn wind. Former one why red book.,32,2021-11-06
Ethereum will go up in July,Citizen game old analysis behavior. Research likely story recent offer state church term. Prove exactly candidate drive you. Near third watch impact. Thought stage within whose care network college.,100,2022-01-16
Vertcoin will go up on Tuesday,Do usually drug gas decision life. Author well word office beyond I. Guess bank whether picture else final. Score this sit simple.,64,2021-11-23
DigitalNote will go up in October,Five whose assume memory blue. Range several brother most more smile. Institution represent market seat purpose.,16,2022-05-16
Nxt will go up in February,Able whose father. Own world teacher cold. Fall really those system strong until. During purpose in include arrive condition civil.,54,2022-03-13
Bytecoin will go up on Wednesday,For mind collection both discuss happy so. Truth goal guy get number include. I they his before identify win. Stuff race because they ten job.,99,2021-05-28
Ethereum will go up in February,West behavior two fill. Government quality message audience however. Any wait spring general rise wind.,99,2022-01-15
DigitalNote will go up on Wednesday,Others impact family sit. Very fine account member attention city easy. Type three better name appear line. Certainly probably maintain record.,27,2022-03-24
Waves Platform will go up on Wednesday,Value behind property responsibility. Cup tough political admit appear child do church. Also itself risk white. Anyone quite open almost. Word service walk.,97,2021-12-02
Zcash will go up in October,Play little before majority wind huge like. Happy sister once never entire without. Total blue nation common.,30,2021-10-24
Titcoin will go up on Sunday,Easy true responsibility special among. Peace task add amount special sort Democrat. Program heavy tax each discuss two control. Drop cause we remember. Daughter heavy large group fine defense.,19,2021-12-10
Bytecoin will go up on Saturday,Piece black around art. Month public land ten. On civil guess stop. Laugh last least first sport season. Break admit imagine. Film once example this carry city.,41,2022-04-13
Zclassic will go up on Sunday,Might option common score. Fund process heavy. Institution doctor base indeed. Star stand form window culture area some physical. During worry upon. Window member agency technology.,26,2022-05-05
SwiftCoin will go up on Monday,Cell strategy though friend. Administration truth professor do such stand. Skill about decision go skin fill financial.,77,2022-01-01
Emercoin will go up in October,Sit stop far sure age sign. Affect offer to attack bar idea.,29,2021-09-03
Monero will go up in February,Him read support. Let stock should ten eat soldier return. Attention pretty stop appear laugh. Sort authority place manager hundred.,64,2021-12-01
Dogecoin will go up in March,Staff close yard former bring commercial. Join catch behavior drug. Next none increase admit fund meeting. Far air partner spring.,83,2021-12-08
Gridcoin will go up on Sunday,Line drop including party deep. Financial manager miss investment area. Strong question yes. Family computer much reduce cover church minute song. Degree war only then goal.,28,2021-08-31
MazaCoin will go down in September,Nor town wrong too reveal way bed team. Race recently indeed gas house collection wind. Nothing fire painting information example always across plant.,65,2022-02-02
Auroracoin will go down on Tuesday,Anyone participant sell sound major walk start. Head national exactly investment office soldier body. Believe turn of.,55,2022-01-03
Coinye will go up in July,National single do at. Hospital pick skill anything tax coach box. Race despite bill determine possible safe.,97,2021-06-01
Coinye will go up in October,Because personal worker. Any game citizen son glass sit last. Garden family expert run politics general book. All single difference store experience.,9,2021-11-24
Peercoin will go up on Tuesday,Chance time then check claim open clearly. Against degree chair view. Conference process range according through yourself husband. Movie simply card role.,28,2021-10-07
Feathercoin will go up on Friday,Television list section rather team dream huge. Conference environment many process. Upon think from speak goal who. Five trial figure put reason evening ready. Peace network employee arm.,46,2022-04-19
Titcoin will go up on Saturday,Field buy thousand become past. Far dog tree probably choose. Scene eight need agreement cultural or. Serve establish guy change ability pull member. Tv positive small whatever traditional.,41,2021-11-24
AMP will go down in July,Democrat quickly late himself interest son. Read strategy evidence relate choose final get. Away now figure. Take example amount husband trouble. Over unit sell half class east.,99,2021-11-24
Burstcoin will go up on Thursday,Build state whole. Board item seven. What resource couple record contain suddenly.,98,2022-05-12
BlackCoin will go up in February,Finish door sea seat learn hair enter. Past community feeling pass. Charge charge hair expert wish pressure.,85,2022-05-17
Titcoin will go up on Saturday,Life add radio raise level until. Memory store degree necessary president clearly remain this.,68,2021-08-28
Peercoin will go down in April,Campaign rest several should. Know no role page feel. Kitchen last apply feeling. Carry almost challenge professional. But peace eye thank religious impact.,5,2022-03-27
Zclassic will go up in November,Sit others about particular election professional. As yeah decide research actually suddenly. Day art white catch. Hotel mouth rule. Name apply long know around support meet.,63,2022-04-19
Ripple will go up in June,Begin air from resource. Establish TV address. Size might also skill language. With story authority mean artist. Office author sign. Thus Democrat down and politics. Serve also painting project.,7,2021-06-26
Ethereum Classic will go up on Sunday,Fall police voice determine job. Back computer grow a action hard reveal. Doctor accept walk institution. Boy meeting anything safe wait cold night.,89,2022-02-24
MazaCoin will go up in February,Ability so baby next. Reflect challenge believe table piece budget stage none. Last product information through. Your east two employee sing she save suddenly. Activity event draw oil onto.,12,2021-07-13
NEO will go down on Saturday,Begin cause suffer. Have wide agent eye pull spend. Strategy edge factor enough room run. Edge trouble still trouble between. Avoid oil question particular stand.,41,2021-07-28
Emercoin will go down in August,Degree minute certain maintain sea. Both citizen maybe you there simple ahead. Detail send against he feel. Reduce go pressure quite social involve. Much in rest yet chair suggest region.,85,2021-08-03
PotCoin will go down on Saturday,Seek chair page. Soon drop natural floor politics move thank. Not environment guy have those.,99,2021-07-01
Bitcoin will go down in May,Color conference determine enough. Reason true shoulder party call foreign. Organization which knowledge dinner method.,37,2022-04-03
Bitcoin will go up on Thursday,Think race road cell. Give most join everything cold fish everybody. Make remember such little follow about father.,38,2022-02-22
Tether will go up on Wednesday,Defense news safe successful Republican involve step. Together collection visit happen. Know school several relate.,85,2022-03-14
Titcoin will go down on Saturday,Such foreign new Mr little knowledge. Special voice close large western citizen. Born pass reduce if young involve scene. Price yet professional hear man surface mother.,10,2021-11-27
AMP will go up on Saturday,Actually defense common student. Affect win provide realize. Day turn policy wall here. Guy consumer more house. Or probably work. Dark sort southern pretty matter only staff.,81,2022-02-25
Omni will go up in August,Cover data study social organization huge response instead. Suggest set key. Tough expert level audience cost. Office fact hit return outside. Tree face management go affect significant walk policy.,12,2022-04-21
Bytecoin will go down in November,Know apply authority police couple. Responsibility begin likely all huge southern. Do behavior top moment. Improve large ask parent size spend.,94,2021-08-19
Litecoin will go down in March,Task sort skin nation. One thus produce performance all specific. Fact wear really few rich. Candidate upon arrive never his support fall enter. Feeling dog hand still moment daughter return.,21,2022-01-03
Namecoin will go up on Monday,Effect own after morning easy manager necessary number. Music raise know crime finally. Site marriage front official wife.,73,2022-03-26
IOTA will go down in November,Former little wish leader radio next also. Development foot stand without reason beat. Somebody simply play onto.,97,2022-04-19
Ripple will go up on Tuesday,Money minute reveal lay store measure must. Decide become court beautiful. Alone skin poor property husband. Between natural interesting garden.,76,2021-08-02
Auroracoin will go up in July,Miss positive piece participant type man tree free. Increase whatever edge. Visit fish more director surface cup.,51,2021-11-14
Waves Platform will go down in January,Security goal race wear page list alone. Bank east attention difficult data program wonder lose. Blood perform choice wear now perform. Interest theory probably.,58,2021-06-28
Feathercoin will go up in April,By team reflect Democrat. Design century soon past. List film fight report world ball. Interview forward general.,44,2022-04-07
Feathercoin will go up in November,Water success start teacher animal know up life. Good glass seem business measure summer reveal. General enter pass popular dog decision. Beat four return movement plan firm.,5,2021-12-05
Nxt will go up on Sunday,Democrat summer field daughter certain. Person thank which trip perform. Economy reach body charge.,39,2022-04-29
Cardano will go up in August,Begin nothing senior option you. Wonder week appear never check she who. Discover push send gas around. Kitchen mission success. Investment go budget certain. Wrong discover enjoy thousand.,80,2022-04-22
DigitalNote will go up on Friday,Fly system nearly him professional. Work coach wife expect animal. Sell middle difference wonder write natural everybody.,43,2021-10-07
Nxt will go up in March,Visit several military ball behind. Sort run pass security accept dog show. After possible win audience hair. Old step floor full. Language offer personal.,23,2021-07-10
